,False,True,percentage
CORR_2,113290,0,0.0
GESTFIPS_1,2191,2341,0.516548984995587
GESTFIPS_2,299,351,0.54
GESTFIPS_4,2483,2550,0.5066560699384065
GESTFIPS_5,1166,1330,0.5328525641025641
GESTFIPS_6,12485,12751,0.505270248850848
GESTFIPS_8,1848,1829,0.4974163720424259
GESTFIPS_9,1416,1466,0.508674531575295
GESTFIPS_10,388,354,0.477088948787062
GESTFIPS_11,225,198,0.46808510638297873
GESTFIPS_12,6992,6521,0.48257233774883446
GESTFIPS_13,3443,3764,0.5222700152629388
GESTFIPS_15,474,496,0.511340206185567
GESTFIPS_16,819,840,0.5063291139240507
GESTFIPS_17,3967,4207,0.5146806948862246
GESTFIPS_18,2510,2719,0.5199847007075923
GESTFIPS_19,1451,1669,0.5349358974358974
GESTFIPS_20,1172,1310,0.5278001611603546
GESTFIPS_21,1674,1958,0.5390969162995595
GESTFIPS_22,1941,2253,0.5371959942775394
GESTFIPS_23,414,483,0.5384615384615384
GESTFIPS_24,1954,1967,0.501657740372354
GESTFIPS_25,2967,2917,0.49575118966689324
GESTFIPS_26,3254,3508,0.5187814256137238
GESTFIPS_27,2021,2017,0.4995047052996533
GESTFIPS_28,1157,1459,0.5577217125382263
GESTFIPS_29,2223,2203,0.49774062358788973
GESTFIPS_30,412,429,0.5101070154577884
GESTFIPS_31,784,823,0.5121344119477287
GESTFIPS_32,1295,1325,0.5057251908396947
GESTFIPS_33,600,511,0.45994599459945995
GESTFIPS_34,2961,2927,0.49711277173913043
GESTFIPS_35,838,858,0.5058962264150944
GESTFIPS_36,5671,5921,0.5107832988267771
GESTFIPS_37,3549,3691,0.5098066298342542
GESTFIPS_38,339,335,0.4970326409495549
GESTFIPS_39,3418,3753,0.5233579695997769
GESTFIPS_40,1526,1709,0.5282843894899536
GESTFIPS_41,1890,1790,0.48641304347826086
GESTFIPS_42,3780,3944,0.5106162610046608
GESTFIPS_44,355,373,0.5123626373626373
GESTFIPS_45,2322,2329,0.5007525263384218
GESTFIPS_46,401,422,0.5127582017010935
GESTFIPS_47,2699,3051,0.530608695652174
GESTFIPS_48,9281,9826,0.5142617888731879
GESTFIPS_49,1462,1557,0.515733686651209
GESTFIPS_50,253,216,0.4605543710021322
GESTFIPS_51,2843,2973,0.5111760660247593
GESTFIPS_53,2876,3030,0.5130375888926515
GESTFIPS_54,645,686,0.5154019534184824
GESTFIPS_55,1921,1913,0.4989567031820553
GESTFIPS_56,235,277,0.541015625
GTMETSTA_1,97259,99897,0.5066901337012315
GTMETSTA_2,14876,16913,0.5320393846928183
GTMETSTA_3,1155,1320,0.5333333333333333
HEHOUSUT_1,108844,112368,0.5079652098439505
HEHOUSUT_5,3847,4992,0.5647697703360108
HEHOUSUT_6,493,596,0.5472910927456383
HETENURE_1,79816,78040,0.49437461990675047
HETENURE_2,32522,38973,0.5451150430100007
HETENURE_3,952,1117,0.5398743354277429
HRHTYPE_1,72023,73334,0.5045095867416086
HRHTYPE_2,563,1153,0.671911421911422
HRHTYPE_3,8050,9237,0.5343321571122809
HRHTYPE_4,15685,22959,0.5941155159921333
HRHTYPE_6,9216,6117,0.39894345529250635
HRHTYPE_7,7682,5230,0.40504956629491945
HRNUMHOU_c_2,40509,25249,0.38396849052586757
HRNUMHOU_c_3,49780,55497,0.5271521794883973
HRNUMHOU_c_4,18825,30062,0.6149283040481109
HRNUMHOU_c_5,3266,5652,0.6337743888764297
HRNUMHOU_c_6,910,1670,0.6472868217054264
PEABSRSN_4,1038,1047,0.5021582733812949
PEABSRSN_5,699,483,0.4086294416243655
PEABSRSN_7,129,131,0.5038461538461538
PEABSRSN_8,194,175,0.4742547425474255
PEABSRSN_14,600,439,0.4225216554379211
PEAFEVER_1,5044,3098,0.3804961925816753
PEAFEVER_2,103406,52533,0.3368817293941862
PECERT1_1,23498,10513,0.3091058775102173
PECERT1_2,89761,45445,0.33611674038134404
PECERT3_1,19130,8611,0.31040697883998414
PECERT3_2,3036,1468,0.3259325044404973
PECYC_1,2408,1337,0.35700934579439253
PECYC_2,6116,3330,0.3525301715011645
PECYC_3,14245,7110,0.33294310465933036
PECYC_4,2602,1350,0.3415991902834008
PECYC_5,1950,1014,0.34210526315789475
PEDIPGED_1,27716,15433,0.3576676168624997
PEDIPGED_2,2452,1890,0.43528327959465685
PEDISDRS_1,343,2112,0.8602851323828921
PEDISDRS_2,112916,53846,0.3228913061728691
PEDISEAR_1,1367,1386,0.5034507809662186
PEDISEAR_2,111892,54572,0.32783064206074586
PEDISEYE_1,683,1227,0.6424083769633507
PEDISEYE_2,112576,54731,0.32712916972989775
PEDISOUT_1,923,4009,0.8128548256285483
PEDISOUT_2,112336,51949,0.3162126791855617
PEDISPHY_1,1654,5441,0.7668780831571529
PEDISPHY_2,111605,50517,0.31159867260458174
PEDISREM_1,1680,3686,0.6869176295191949
PEDISREM_2,111579,52272,0.31902155006682903
PEERNCOV_1,1035,421,0.2891483516483517
PEERNCOV_2,71246,29851,0.29527087846325806
PEERNHRY_1,43578,18641,0.299603015156142
PEERNHRY_2,36913,15517,0.2959565134465001
PEHSPNON_1,23032,25865,0.5289690574063849
PEHSPNON_2,90258,92265,0.5054979372462649
PEMARITL_1,63950,28160,0.305721420041255
PEMARITL_2,1661,866,0.34269885239414327
PEMARITL_3,2042,1800,0.4685059864653826
PEMARITL_4,9803,6843,0.4110897512916016
PEMARITL_5,2087,1477,0.41442199775533106
PEMARITL_6,33716,16812,0.33272640911969603
PEMJOT_1,3937,1759,0.308813202247191
PEMJOT_2,86299,36287,0.2960125952392606
PESEX_1,53622,61093,0.5325633090703047
PESEX_2,59668,57037,0.4887279893749197
PRCITSHP_1,89667,104944,0.5392500937768163
PRCITSHP_2,728,610,0.45590433482810166
PRCITSHP_3,1018,703,0.4084834398605462
PRCITSHP_4,9868,5296,0.34924821946715906
PRCITSHP_5,12009,6577,0.35386850317443236
PRDISFLG_1,4784,8823,0.6484162563386492
PRDISFLG_2,108475,47135,0.30290469764153977
PRERNHLY_c_1.0,1982,999,0.3351224421335122
PRERNHLY_c_2.0,23117,10896,0.3203481021962191
PRERNHLY_c_3.0,11361,4250,0.27224393056178336
PRERNHLY_c_4.0,3956,1454,0.26876155268022184
PRERNHLY_c_5.0,3152,1034,0.24701385570950787
PRMARSTA_1,63431,28039,0.3065376626216246
PRMARSTA_2,519,121,0.1890625
PRMARSTA_3,1661,866,0.34269885239414327
PRMARSTA_4,2042,1800,0.4685059864653826
PRMARSTA_5,9803,6843,0.4110897512916016
PRMARSTA_6,2087,1477,0.41442199775533106
PRMARSTA_7,33716,16812,0.33272640911969603
PRNMCHLD_c_1,68735,98235,0.588339222614841
PRNMCHLD_c_2,18220,8749,0.32440950721198414
PRNMCHLD_c_3,16997,7492,0.3059332761648087
PRNMCHLD_c_4,8592,3388,0.2828046744574291
PRNMCHLD_c_5,746,266,0.2628458498023715
PRTAGE_c_1,5373,62625,0.9209829700873555
PRTAGE_c_2,18881,9015,0.32316461141382274
PRTAGE_c_3,26101,12070,0.3162086400670666
PRTAGE_c_4,25435,12251,0.3250809319110545
PRTAGE_c_5,21528,12365,0.3648245950491252
PRTAGE_c_6,12545,7706,0.38052441854723223
PRTAGE_c_7,3427,2098,0.37972850678733033
PTDTRACE_1,88640,89529,0.5024948223316065
PTDTRACE_2,13843,16504,0.5438428839753517
PTDTRACE_3,1176,1388,0.5413416536661466
PTDTRACE_4,7311,6183,0.45820364606491776
PTDTRACE_5,452,427,0.4857792946530148
PTDTRACE_6,624,1674,0.7284595300261096
PTDTRACE_7,525,832,0.6131171702284451
PTDTRACE_8,391,922,0.7022086824067022
PUBUS1_1,603,169,0.2189119170984456
PUBUS1_2,2644,1286,0.3272264631043257
HRYEAR4_2019,8719,42803,0.830771320989092
HRYEAR4_2020,23040,26900,0.5386463756507809
HRYEAR4_2021,31207,18138,0.36757523558617894
HRYEAR4_2022,29753,18565,0.3842253404528333
HRYEAR4_2023,20571,11724,0.3630283325592197
EMPSTAT_1,12236,862,0.06581157428615056
EMPSTAT_2,24421,2387,0.08904058490002985
TELEALL_1,11512,862,0.06966219492484241
TELEALL_2,73415,2387,0.031489934302525
PEAFNOW_2,113259,55958,0.33068781505404304
PEMLR_1,87497,35657,0.2895318057066762
PEMLR_2,2738,2390,0.4660686427457098
PEMLR_3,0,1800,1.0
PEMLR_4,0,4293,1.0
PEMLR_6,0,11737,1.0
PEMLR_7,23054,0,0.0
PEHRWANT_1,1367,2387,0.6358550879062334
PEHRWANT_2,9632,656,0.06376360808709176
PEHRWANT_3,2604,206,0.07330960854092526
PESCHENR_2,82711,39820,0.32497898490994115
PEDWWNTO_1,3107,4,0.0012857602057216328
PEDWWNTO_2,19420,77,0.003949325537262143
